, bm_provider_firm_id , count(distinct bm_doc_id ) 
+---------------------+----------------------------+,,
,              920712 ,                        106 
,              954515 ,                       3067 
,              666031 ,                        740 
,              129700 ,                         14 
,              645263 ,                         23 
,              155225 ,                        199 
,              151254 ,                         36 
,              344944 ,                        898 
,              696832 ,                       4692 
,              741894 ,                        237 
,              992744 ,                        616 
,              607906 ,                         73 
,              211166 ,                        330 
,              938390 ,                       1187 
,               13310 ,                       1972 
,              208595 ,                     193618 
,              927385 ,                         16 
,              510942 ,                        172 
,              239048 ,                         12 
,              985020 ,                       1133 
,              333532 ,                         16 
,               11777 ,                          1 
,              337747 ,                        351 
,              535064 ,                        762 
,              641728 ,                      60978 
,              420624 ,                       1649 
,              297737 ,                        789 
,              229252 ,                         67 
,              878788 ,                          4 
,               29118 ,                       1104 
,              900614 ,                        524 
,              730355 ,                         64 
,              445734 ,                        871 
,              824446 ,                         39 
,              743135 ,                        520 
,              693270 ,                       1362 
,              304299 ,                       8394 
,              469129 ,                       1602 
,              950322 ,                       1057 
,              118591 ,                       1260 
,              205642 ,                       2555 
,              923610 ,                        136 
,              505997 ,                       3189 
,                2837 ,                     166432 
,              612362 ,                        468 
,               70010 ,                         93 
,              275933 ,                       1619 
,              172806 ,                        599 
,               25732 ,                      28425 
,              564564 ,                       7449 
,              224725 ,                        256 
,              720786 ,                        561 
,              818215 ,                          2 
,              775202 ,                       3674 
,              339221 ,                      19847 
,              661521 ,                        405 
,              897269 ,                        231 
,               32108 ,                      25945 
,              831582 ,                       3458 
,              423735 ,                        825 
,              943000 ,                         47 
,               43887 ,                          5 
,              253951 ,                         23 
,              121050 ,                       9577 
,               57190 ,                          2 
,               15943 ,                        817 
,              136299 ,                         84 
,               21750 ,                       4289 
,              841912 ,                       7472 
,              767560 ,                         21 
,              432594 ,                        138 
,              352933 ,                       3620 
,              684267 ,                     106222 
,              728026 ,                        562 
,              409205 ,                       5613 
,              840702 ,                        702 
,              703383 ,                        674 
,              709586 ,                          5 
,              809871 ,                         17 
,              502883 ,                        174 
,              313962 ,                       1786 
,              660334 ,                       8038 
,              737331 ,                        893 
,              199777 ,                       3550 
,              163580 ,                       3431 
,               16299 ,                      61946 
,              413888 ,                        698 
,              724990 ,                       3433 
,              200201 ,                       3214 
,              505374 ,                         14 
,              182543 ,                         23 
,              468309 ,                        317 
,              186241 ,                         13 
,              174590 ,                       1088 
,              546968 ,                       1779 
,              228320 ,                         22 
,              917223 ,                        279 
,              799244 ,                       1382 
,              190953 ,                         78 
,              613731 ,                          1 
,              336728 ,                       1375 
,              800668 ,                       5594 
,              377150 ,                         30 
,              763206 ,                        353 
,              150812 ,                       1107 
,              733660 ,                      12085 
,              517674 ,                         84 
,              431550 ,                        186 
,              162932 ,                        117 
,              238372 ,                       1218 
,              688733 ,                        215 
,               18692 ,                       2086 
,              832968 ,                       8150 
,               72089 ,                        984 
,              317551 ,                         81 
,              493328 ,                        392 
,              104674 ,                      11274 
,              552359 ,                       3675 
,              798951 ,                         39 
,              727729 ,                        311 
,              343730 ,                      19713 
,               12575 ,                       2021 
,              454276 ,                        627 
,              336475 ,                         51 
,              911788 ,                         31 
,              790652 ,                        412 
,              761934 ,                       1313 
,              291929 ,                       1908 
,              379077 ,                         24 
,              781266 ,                      24609 
,              351704 ,                        397 
,              176627 ,                         41 
,               77630 ,                         44 
,              506034 ,                       2067 
,              933841 ,                      12187 
,              508469 ,                        308 
,               14790 ,                          8 
,              286994 ,                       1038 
,               70007 ,                         27 
,              734343 ,                         20 
,              283809 ,                        661 
,              641683 ,                      33327 
,              629003 ,                       2261 
,               18127 ,                      20740 
,              949808 ,                       1661 
,              267608 ,                         43 
,              476443 ,                        182 
,              806132 ,                       1344 
,              262674 ,                        572 
,               31893 ,                       6690 
,              866079 ,                        159 
,              356757 ,                         37 
,              614574 ,                        332 
,              339852 ,                         58 
,              985918 ,                        170 
,              604815 ,                        236 
,              865425 ,                          3 
,               16813 ,                       3614 
,              588906 ,                       4189 
,              512072 ,                         80 
,              768812 ,                         40 
,              777712 ,                       7915 
,              113684 ,                         33 
,              830436 ,                       1311 
,              468436 ,                        113 
,              256108 ,                       6101 
,              562830 ,                       1302 
,              381618 ,                       6664 
,              802286 ,                        433 
,              530038 ,                          1 
,              130797 ,                        820 
,               70001 ,                        315 
,              475411 ,                        224 
,              295300 ,                        155 
,              961512 ,                         82 
,               18154 ,                      29468 
,              208014 ,                       1290 
,              561631 ,                        989 
,               17569 ,                      11196 
,              646526 ,                        353 
,              965174 ,                        444 
,              618995 ,                       3063 
,              121289 ,                        655 
,               31480 ,                      21478 
,              930081 ,                         62 
,              518321 ,                        383 
,              346607 ,                        165 
,              575714 ,                        235 
,              891988 ,                        480 
,               36684 ,                       1916 
,              869893 ,                       3079 
,               54545 ,                     138480 
,              463462 ,                        790 
,              982386 ,                      33569 
,              811691 ,                        206 
,              845206 ,                       5032 
,               44878 ,                        162 
,              482446 ,                       8105 
,              169274 ,                        188 
,               70000 ,                        627 
,              400463 ,                      15757 
,              671286 ,                      13560 
,              870591 ,                        194 
,              995819 ,                          8 
,              295183 ,                        225 
,              763875 ,                        925 
,              108216 ,                       6411 
,              471209 ,                         32 
,              319671 ,                      17409 
,              658498 ,                        468 
,              326562 ,                       5130 
,               28327 ,                      49615 
,              474048 ,                        759 
,              136962 ,                         37 
,               19614 ,                      42573 
,               70009 ,                        131 
,              675139 ,                        594 
,              158385 ,                       1547 
,              273431 ,                        300 
,              286380 ,                       1511 
,              490214 ,                        553 
,              699631 ,                       1497 
,              646857 ,                      11346 
,              252807 ,                      15603 
,              566060 ,                       3546 
,              410874 ,                        943 
,              948979 ,                       6053 
,              596720 ,                         52 
,               67811 ,                      30723 
,              378147 ,                       6511 
,              362743 ,                        900 
,              906991 ,                       3276 
,              997278 ,                       2688 
,              767345 ,                         18 
,              153318 ,                       3719 
,              588857 ,                        846 
,              804027 ,                       1193 
,              770972 ,                        472 
,              666903 ,                       5274 
,              933222 ,                          1 
,              560644 ,                         34 
,              798286 ,                       4323 
,              847805 ,                       5464 
,              164734 ,                        526 
,              270234 ,                        102 
,              824583 ,                        247 
,               62099 ,                      17339 
,              934705 ,                         22 
,               31286 ,                        400 
,              355666 ,                       2609 
,              956571 ,                        895 
,              595903 ,                          8 
,              421842 ,                       3167 
,              865643 ,                        663 
,              625256 ,                        254 
,              723858 ,                       6641 
,               23569 ,                       2324 
,              703191 ,                       2426 
,               13652 ,                         27 
,               91537 ,                       7708 
,              593650 ,                      18021 
,              900677 ,                       2554 
,              773829 ,                        235 
,              191373 ,                         83 
,              774763 ,                       2740 
,              586703 ,                      10195 
,              721245 ,                          1 
,              599272 ,                         30 
,              222456 ,                        866 
,              940834 ,                       3894 
,              254539 ,                      16425 
,               57189 ,                       2348 
,              219930 ,                       6331 
,              285407 ,                       2221 
,              542814 ,                        498 
,              637859 ,                        717 
,              223493 ,                         44 
,              189150 ,                        119 
,              468010 ,                       1000 
,              914651 ,                      22589 
,              634897 ,                     309437 
,              991942 ,                       2377 
,              259115 ,                         45 
,              593026 ,                       1517 
,              133611 ,                         68 
,              360095 ,                         43 
,              519511 ,                       5420 
,              448146 ,                        226 
,              792497 ,                       1188 
,              593989 ,                        176 
,              180034 ,                        168 
,              674996 ,                         30 
,              771074 ,                        223 
,              892484 ,                        999 
,              855769 ,                       2364 
,              759981 ,                         45 
,              765308 ,                        566 
,              451658 ,                        543 
,               21466 ,                        223 
,              937413 ,                      87655 
,              961908 ,                       9717 
,              659573 ,                        771 
,              838613 ,                        655 
,              457496 ,                        176 
,              611207 ,                        403 
,              590451 ,                         52 
,              808358 ,                       3576 
,               29581 ,                       8213 
,              910052 ,                        183 
,               52782 ,                      16172 
,              189926 ,                       1306 
,              300735 ,                       3204 
,              158439 ,                        581 
,              149527 ,                       5236 
,              627051 ,                        135 
,              488978 ,                        255 
,               70002 ,                        448 
,              328130 ,                       3387 
,              250410 ,                          1 
,              815418 ,                        630 
,              877201 ,                       1187 
,              542132 ,                        322 
,              787581 ,                          1 
,              978795 ,                       2510 
,               18877 ,                      23053 
,              711439 ,                        667 
,              863522 ,                         64 
,              354159 ,                        288 
,              245655 ,                        762 
,              283558 ,                        516 
,              748231 ,                         47 
,              623186 ,                         53 
,              776739 ,                        371 
,              444285 ,                        271 
,              883463 ,                        114 
,              154577 ,                         11 
,               13081 ,                      11993 
,              895291 ,                       1530 
,              796824 ,                       2247 
,              705052 ,                         33 
,              116448 ,                       8722 
,              591113 ,                     171083 
,              564999 ,                         36 
,              588785 ,                         20 
,              842924 ,                       1027 
,              500721 ,                       1590 
,              147744 ,                        122 
,              795698 ,                       1244 
,              223947 ,                       3079 
,              667692 ,                       2930 
,              940176 ,                        650 
,              779997 ,                        235 
,              534526 ,                        154 
,              768085 ,                       8261 
,              754227 ,                        221 
,              527795 ,                        108 
,              753469 ,                      20955 
,              362829 ,                        302 
,              324576 ,                       1217 
,              653806 ,                        282 
,              826419 ,                      11735 
,              791146 ,                        406 
,              397280 ,                          5 
,              554782 ,                        594 
,              202918 ,                          1 
,              859797 ,                        506 
,              247514 ,                        323 
,              398245 ,                        567 
,              260831 ,                         21 
,              886106 ,                       9138 
,              450793 ,                       4902 
,              399627 ,                        282 
,              573304 ,                        719 
,              441495 ,                       4490 
,              166082 ,                       1032 
,              293352 ,                        868 
,              149109 ,                       4655 
,              799435 ,                         44 
,              749203 ,                       7575 
,              732079 ,                        416 
,              982194 ,                       2202 
,              754003 ,                       2433 
,              805904 ,                        210 
,              846250 ,                         24 
,              862535 ,                         25 
,              658516 ,                        265 
,               50138 ,                       7792 
,              855998 ,                        342 
,              377328 ,                        756 
,              369861 ,                       5690 
,              353907 ,                          4 
,              906178 ,                         60 
,              456660 ,                       2496 
,              458333 ,                        334 
,               70006 ,                        224 
,              396184 ,                        285 
,              657700 ,                      37321 
,              986896 ,                        337 
,              648105 ,                        432 
,              168642 ,                       9640 
,              473171 ,                         27 
,              886548 ,                         68 
,              941678 ,                        702 
,               79694 ,                        819 
,              232103 ,                       2009 
,              778920 ,                        968 
,              670144 ,                         78 
,              552473 ,                        347 
,              265094 ,                       1805 
,              908734 ,                       3307 
,              535188 ,                      47221 
,              777300 ,                       1038 
,              278492 ,                        705 
,              442680 ,                        291 
,                6429 ,                     157788 
,              235777 ,                       1018 
,               22113 ,                       3698 
,              937327 ,                        462 
,              134970 ,                      10289 
,              684622 ,                          5 
,              453681 ,                        566 
,               24184 ,                      30754 
,              553820 ,                       1219 
,              292776 ,                       2929 
,               28962 ,                        103 
,              433147 ,                      17666 
,              381490 ,                        990 
,              473427 ,                       3225 
,              737823 ,                          7 
,              287438 ,                       4889 
,               23991 ,                      54434 
,              110693 ,                         16 
,              199022 ,                        241 
,              552521 ,                        377 
,              264911 ,                        966 
,              214128 ,                        504 
,              477758 ,                        401 
,               33620 ,                         14 
,              859555 ,                       3236 
,              280442 ,                        329 
,              100003 ,                       1575 
,              680962 ,                       4689 
,              832455 ,                        631 
,              240815 ,                       2279 
,              819562 ,                          9 
,              942721 ,                        390 
,              825336 ,                         60 
,              274036 ,                         19 
,              451873 ,                        105 
,              826943 ,                         18 
,              656246 ,                       1134 
,              957005 ,                       2918 
,              675399 ,                       9223 
,              628554 ,                        693 
,               70004 ,                        127 
,              190475 ,                        140 
,              491640 ,                          3 
,              881013 ,                        759 
,              909517 ,                       2640 
,              948027 ,                        841 
,              313374 ,                          1 
,              585325 ,                          3 
,               90210 ,                       4800 
,              909884 ,                          1 
,              179229 ,                       1928 
,              726872 ,                        527 
,              841573 ,                         34 
,               82662 ,                       6146 
,              649949 ,                         28 
,              955353 ,                        184 
,              181342 ,                         27 
,               16689 ,                      27440 
,              282288 ,                       1156 
,              955521 ,                       3070 
,              199351 ,                      11253 
,              179437 ,                          1 
,              953780 ,                        131 
,              857851 ,                         75 
,              823485 ,                        731 
,              520281 ,                        340 
,              528561 ,                        840 
,              269071 ,                         20 
,              526137 ,                       1032 
,              686915 ,                        574 
,              271653 ,                       3019 
,              374051 ,                          5 
,              265759 ,                       1434 
,              227617 ,                      23886 
,              882626 ,                       1380 
,              851345 ,                        302 
,              515259 ,                       5681 
,              627668 ,                       8921 
,              958256 ,                       3169 
,              662057 ,                       1166 
,              982201 ,                          6 
,               52432 ,                       1766 
,              306400 ,                         37 
,              967435 ,                         65 
,              743312 ,                        109 
,              539922 ,                       5023 
,              760062 ,                        317 
,              517041 ,                        183 
,              453252 ,                         10 
,              611384 ,                        282 
,              769676 ,                       5966 
,              198764 ,                      14410 
,              556019 ,                        107 
,              417947 ,                       1812 
,              554056 ,                         99 
,              147039 ,                        287 
,              665361 ,                       2387 
,              892799 ,                        733 
,              322232 ,                        427 
,              643934 ,                       5950 
,              941255 ,                        980 
,              719354 ,                       1548 
,               15168 ,                      12824 
,              981282 ,                       1453 
,              322641 ,                      18139 
,              254768 ,                       1617 
,              747926 ,                       2929 
,              988219 ,                       2046 
,              104518 ,                       1733 
,              326929 ,                        424 
,              701097 ,                       2042 
,              635121 ,                        476 
,               58142 ,                          3 
,               32564 ,                        334 
,              295958 ,                        302 
,              572554 ,                        696 
,              624921 ,                         64 
,              859224 ,                       1662 
,              417050 ,                       1242 
,              993966 ,                         96 
,              137234 ,                       2246 
,              118127 ,                        671 
,              926686 ,                         72 
,              452371 ,                       2923 
,              390568 ,                       1008 
,              701753 ,                        173 
,              320609 ,                        182 
,              992629 ,                         32 
,               26835 ,                      62683 
,              173974 ,                        124 
,              841398 ,                        217 
,              478450 ,                       6828 
,              280583 ,                      17374 
,              323767 ,                        574 
,              592788 ,                        259 
,              375376 ,                       1224 
,              608941 ,                         68 
,              388015 ,                       9303 
,              925097 ,                        261 
,              647882 ,                       6284 
,              242202 ,                         85 
,              581314 ,                         17 
,               14843 ,                       4228 
,              898850 ,                       3737 
,              865507 ,                         58 
,              125028 ,                       2486 
,              243792 ,                       2135 
,               25729 ,                      25252 
,              700249 ,                         40 
,              236822 ,                       3736 
,              100740 ,                        343 
,               21862 ,                          4 
,               16321 ,                      34116 
,              124788 ,                         73 
,              553458 ,                       9357 
,              173246 ,                          4 
,              538091 ,                        372 
,              268563 ,                       1993 
,              605686 ,                       4838 
,              778375 ,                       5701 
,              760900 ,                       1319 
,               28407 ,                      15941 
,              668069 ,                        258 
,              662428 ,                        424 
,              466726 ,                        139 
,              207629 ,                        747 
,               40907 ,                        395 
,              147200 ,                      18719 
,              689327 ,                      12610 
,              559131 ,                        188 
,              199296 ,                       2431 
,               29320 ,                      14140 
,              205925 ,                        547 
,               29367 ,                      16473 
,              196800 ,                         10 
,              986033 ,                       1342 
,               32323 ,                      76538 
,               79531 ,                       1415 
,              446788 ,                        320 
,              525380 ,                        417 
,              694495 ,                      12286 
,              288296 ,                        886 
,               13223 ,                       1609 
,              566421 ,                         76 
,              831925 ,                         45 
,              267177 ,                        505 
,              222148 ,                         82 
,              888379 ,                        385 
,               48207 ,                        140 
,              216683 ,                       2786 
,               16261 ,                        286 
,              484232 ,                       5180 
,              273378 ,                       1974 
,              121944 ,                         88 
,              229440 ,                       8141 
,               81416 ,                        588 
,              741376 ,                        315 
,              376966 ,                      14941 
,              936544 ,                          6 
,              504222 ,                       2895 
,              378901 ,                         62 
,              885594 ,                          6 
,              751711 ,                       1358 
,              934369 ,                       3021 
,              962324 ,                       6568 
,              739473 ,                       3214 
,              150188 ,                       5976 
,              617713 ,                       8341 
,              711328 ,                       1065 
,              488882 ,                       3043 
,              836159 ,                       1586 
,              990574 ,                          3 
,              894940 ,                       1499 
,              698096 ,                        443 
,               23069 ,                      91696 
,              770537 ,                       2419 
,              600783 ,                        203 
,              520406 ,                       1697 
,              628290 ,                        984 
,              131435 ,                         27 
,              320798 ,                        173 
,              156120 ,                          8 
,              735804 ,                         52 
,              679908 ,                          2 
,              823391 ,                        978 
,              118835 ,                          9 
,              336831 ,                       1150 
,              563776 ,                     598419 
,              133805 ,                         37 
,              886351 ,                       2273 
,               12761 ,                      11979 
,               21765 ,                      80065 
,              874559 ,                       1471 
,              192237 ,                       2181 
,              959340 ,                       7817 
,              903830 ,                         59 
,              253446 ,                      10293 
,              748357 ,                          6 
,              329313 ,                         85 
,              359176 ,                        399 
,              511109 ,                       2265 
,              995227 ,                       4408 
,              974608 ,                         75 
,              287454 ,                      22213 
,              120557 ,                        182 
,              913635 ,                       2624 
,              133359 ,                      14821 
,              454561 ,                        489 
,              494916 ,                        755 
,              738798 ,                       3570 
,              821428 ,                        678 
,              164658 ,                       2927 
,              671158 ,                       1312 
,              693544 ,                       8091 
,              777098 ,                         97 
,              506926 ,                         14 
,              448538 ,                       2824 
,               70005 ,                        222 
,              489999 ,                       1002 
,              401080 ,                        140 
,              622676 ,                      12304 
,              750380 ,                        831 
,              128886 ,                         55 
,              111563 ,                        781 
,              923127 ,                       7381 
,              853926 ,                          5 
,              828081 ,                        118 
,              953537 ,                      42882 
,              277126 ,                       9819 
,              860296 ,                       2885 
,              367525 ,                        178 
,              563901 ,                        116 
,              468627 ,                       1143 
,              653093 ,                        750 
,              175678 ,                         14 
,               70003 ,                         63 
,              642570 ,                       1924 
,              125716 ,                        225 
,              980646 ,                         98 
,              912889 ,                       2974 
,              597253 ,                        415 
,              309388 ,                        786 
,              446409 ,                       4405 
,              260978 ,                      65937 
,              109078 ,                        400 
,              793725 ,                         40 
,              956843 ,                        436 
,              629982 ,                       4987 
,              813679 ,                        842 
,              478662 ,                        341 
,              636510 ,                        139 
,              977552 ,                         76 
,              347813 ,                       2085 
,              844018 ,                        356 
,              314032 ,                       7421 
,              125451 ,                       2697 
,              594557 ,                         39 
,              263055 ,                       1690 
,              481391 ,                        185 
,              719121 ,                        925 
,              856937 ,                        578 
,               10472 ,                     211370 
,              353814 ,                       1332 
,              132251 ,                      13148 
,              442329 ,                        988 
,              722533 ,                         64 
,              737219 ,                         42 
,              430746 ,                        504 
,              680778 ,                         46 
,              232631 ,                         41 
,              803088 ,                       1391 
,              171041 ,                        462 
,              661817 ,                     178093 
,              694938 ,                        127 
,              899287 ,                       2373 
,               31682 ,                       7741 
,              763539 ,                         34 
,              966463 ,                      10308 
,              352069 ,                        872 
,               31384 ,                      17328 
,              382652 ,                         47 
,              584274 ,                        374 
,              437645 ,                        664 
,              800990 ,                          7 
,              820879 ,                       5318 
,               62786 ,                       2244 
,              401193 ,                          4 
,              340550 ,                         79 
,              807474 ,                       2390 
,              270640 ,                       3647 
,              390934 ,                       5067 
,              687830 ,                         90 
,              248923 ,                         39 
,              743773 ,                          5 
,              130409 ,                         76 
,              110311 ,                       3650 
,              426314 ,                        124 
,              579020 ,                       7859 
,              776594 ,                          1 
,              555233 ,                       1503 
,              170961 ,                        290 
,              540422 ,                       2383 
,              635715 ,                       5450 
,              928862 ,                       3552 
,              603821 ,                         63 
,              290828 ,                       6585 
,              212714 ,                        300 
,              258618 ,                       4411 
,              533337 ,                         16 
,              353045 ,                       1775 
,               69632 ,                       2025 
,              113002 ,                        703 
,              901470 ,                       2902 
,              669856 ,                        197 
,              219392 ,                       3811 
,               18524 ,                      67913 
,              470185 ,                        442 
,              964696 ,                        168 
,              111390 ,                         17 
,              589055 ,                         50 
,               24190 ,                         93 
,              488659 ,                       7184 
,              455109 ,                         77 
,              490979 ,                         46 
,              816208 ,                        767 
,              680123 ,                        174 
,              849880 ,                       1869 
,              184280 ,                       2576 
,              174383 ,                       1356 
,              645741 ,                        108 
,              988728 ,                       3706 
,              261414 ,                         19 
,              330656 ,                       1680 
,              769948 ,                        714 
,              330323 ,                        395 
,              483293 ,                        385 
,              638670 ,                       5647 
,              136317 ,                         77 
,              856699 ,                        554 
,              723284 ,                       9138 
,              558346 ,                        762 
,              814935 ,                       1307 
,              665979 ,                         44 
,              785370 ,                         85 
,              894678 ,                       1806 
,              146287 ,                       1234 
,              323339 ,                         74 
,              219645 ,                       1046 
,              718589 ,                        930 
,                1000 ,                        118 
,              373136 ,                       2469 
,              320447 ,                         64 
,              411346 ,                          7 
,              299013 ,                        303 
,              139539 ,                         24 
,              729116 ,                       1852 
,              267953 ,                        593 
,              601535 ,                        142 
,              244349 ,                       2721 
,                9841 ,                       2002 
,              282700 ,                          5 
,              806001 ,                       1116 
,              246577 ,                        480 
,              638236 ,                      23050 
,               93619 ,                     405915 
,              368155 ,                        153 
,              573688 ,                       3189 
,              949661 ,                         26 
,              354713 ,                        671 
,              580540 ,                       3123 
,              408421 ,                          3 
,              135984 ,                        258 
,              799817 ,                       4685 
,              416175 ,                         16 
,              567298 ,                       1249 
,              269699 ,                         35 
,              243669 ,                       4989 
,              310827 ,                      66796 
,              960775 ,                         68 
,              742809 ,                         51 
,              808770 ,                       1536 
,              259734 ,                        788 
,              725988 ,                       5649 
,              545277 ,                         12 
,              196995 ,                       2866 
,              883134 ,                       9642 
,              363591 ,                       3676 
,              445581 ,                        565 
,              488190 ,                       3328 
,              750051 ,                       1695 
,              122396 ,                       2086 
,              603148 ,                         71 
,              683197 ,                         41 
,              888992 ,                       3426 
,              955434 ,                        108 
,              975483 ,                       4257 
,              419414 ,                       1408 
,              636751 ,                        296 
,              847272 ,                        166 
,              399805 ,                        520 
,              780433 ,                         59 
,              833514 ,                         13 
,              747111 ,                      13352 
,              758172 ,                       2473 
,              538353 ,                        291 
,              866840 ,                         33 
,              917118 ,                        743 
,               30214 ,                      32461 
,              333017 ,                       1196 
,              967704 ,                       1862 
,              732262 ,                       1087 
,              385774 ,                         28 
,              539877 ,                       4902 
,              521260 ,                          6 
,              183394 ,                       1820 
,              397539 ,                      24375 
,              578607 ,                        215 
,              451987 ,                       7830 
,              328348 ,                       5330 
,              496523 ,                        456 
,              219423 ,                         49 
,              800887 ,                         29 
,              870719 ,                       1987 
,              964253 ,                         53 
,              804408 ,                        590 
,              509433 ,                       8615 
,              783404 ,                       1497 
,              557988 ,                         96 
,              345332 ,                      48223 
,              589819 ,                       1462 
,              264886 ,                         14 
,              193927 ,                        305 
,              510508 ,                       4449 
,              148621 ,                       1450 
,              893736 ,                       5127 
,              102379 ,                        837 
,              237536 ,                        864 
,              748444 ,                       4603 
,              844137 ,                         52 
,              810146 ,                       5549 
,              893409 ,                       2016 
,              598825 ,                       3512 
,              377703 ,                         25 
,              555705 ,                       2372 
,              397752 ,                       1112 
,                9850 ,                          1 
,              321297 ,                        109 
,              690417 ,                       1360 
,              269716 ,                        107 
,              406767 ,                       3110 
,              908912 ,                       3767 
,              543695 ,                       2633 
,              133020 ,                          5 
,              166604 ,                         21 
,              143291 ,                         54 
,               31208 ,                       1054 
,              332501 ,                        272 
,              751362 ,                      12058 
,              302146 ,                         24 
,               20624 ,                      10676 
,              386745 ,                          3 
,               45166 ,                         32 
,              744742 ,                        425 
,              830388 ,                        106 
,              101726 ,                       4633 
,              328803 ,                       1079 
,               38015 ,                      26411 
,              517333 ,                       4589 
,              633265 ,                      10202 
,              866488 ,                       5671 
,              182108 ,                        293 
,              740218 ,                       3054 
,              462833 ,                      10361 
,              860808 ,                       5387 
,              562311 ,                       4402 
,              255214 ,                         17 
,              221208 ,                        380 
,              600302 ,                        236 
,              492093 ,                       1318 
,              778864 ,                       7433 
,              279149 ,                         45 
,              903554 ,                        724 
,              814766 ,                       1821 
,              592419 ,                        128 
,               31569 ,                       2047 
,              156238 ,                        250 
,               91919 ,                     218162 
,               29610 ,                       3823 
,               10703 ,                       5208 
,              786675 ,                        451 
,              890043 ,                      10558 
,               31839 ,                      10057 
,              479840 ,                        149 
,              386620 ,                         45 
,               30318 ,                       6027 
,              245012 ,                        134 
,              612798 ,                       3689 
,              461144 ,                      14018 
,              244267 ,                       2612 
,               22608 ,                       4466 
,              200954 ,                        997 
,              206790 ,                       3700 
,               14687 ,                       1126 
,              809119 ,                       9153 
,              657287 ,                        493 
,              591522 ,                        277 
,              841836 ,                       2556 
,              634488 ,                       2288 
,               14275 ,                       2244 
,              678838 ,                         11 
,              389401 ,                       2323 
,              416802 ,                         83 
,              803939 ,                        515 
,              809323 ,                       1095 
,              343953 ,                       3607 
,              397393 ,                         17 
,               31797 ,                       2426 
,              957231 ,                          6 
,              757697 ,                        235 
,              902361 ,                        138 
,              631224 ,                        317 
,              974771 ,                       1602 
,              520848 ,                        396 
,               70008 ,                        393 
,              926828 ,                       2213 
,              657433 ,                       3254 
,              276582 ,                          2 
,              435522 ,                         35 
,              782042 ,                         97 
,              634744 ,                        271 
,              167369 ,                       2512 
,              677046 ,                        144 
,              215484 ,                        102 
,              783159 ,                       1448 
,              561453 ,                       1338 
,              336364 ,                        984 
,              650641 ,                       1140 
,              570923 ,                       9459 
,              706680 ,                        311 
,              310366 ,                          4 
,              456183 ,                        284 
,              919363 ,                         14 
,              440470 ,                        409 
,              355329 ,                        220 
,              526664 ,                         23 
,              361354 ,                       4043 
,              218534 ,                        130 
,              100005 ,                      20269 
,              929723 ,                      15743 
,               30960 ,                        670 
,              902242 ,                       7166 
,              575261 ,                         94 
,              530765 ,                        462 
,              633173 ,                       4436 
,              208179 ,                        342 
,              883708 ,                         56 
,               29572 ,                       4891 
,              851280 ,                        404 
,              319243 ,                          6 
,              178587 ,                       1154 
,              837370 ,                        528 
,              670476 ,                       9797 
,              203311 ,                         49 
,              665402 ,                       4260 
,              999079 ,                        529 
,              529462 ,                        989 
,              906025 ,                       5264 
,              941011 ,                       1669 
,              547236 ,                       1694 
,              790173 ,                         54 
,              880631 ,                       2121 
,              199969 ,                          1 
,              512547 ,                        429 
,              304823 ,                          6 
,               16975 ,                      69406 
,              864347 ,                          2 
,              875016 ,                        847 
,              765220 ,                         21 
,              121118 ,                        744 
,              366710 ,                       4043 
,              335050 ,                        532 
,              239333 ,                         52 
,              571851 ,                         24 
,              218368 ,                       1414 
,              238186 ,                       6243 
,              842110 ,                       2068 
,              417225 ,                      11747 
,              681760 ,                        559 
,               15314 ,                      38404 
,              204062 ,                        716 
,              973034 ,                       3416 
,              760499 ,                        223 
,               17125 ,                      52830 
,               29553 ,                     110196 
,              423057 ,                       7597 
,              748700 ,                        939 
,              700514 ,                        958 
,              410616 ,                        334 
,              892322 ,                          7 
,              165536 ,                        549 
,              481112 ,                          1 
,              531593 ,                        188 
,              213521 ,                        401 
,              963952 ,                       8499 
,              582170 ,                          8 
,              670563 ,                        193 
,              796290 ,                       1008 
,              444091 ,                       7876 
,               67854 ,                       1787 
,              467407 ,                         10 
,              743998 ,                        874 
,              209359 ,                        920 
,              140347 ,                      16029 
,              831733 ,                        920 
,              276058 ,                          4 
,              929241 ,                         13 
,              381124 ,                          3 
,              133283 ,                         17 
,              922998 ,                          1 
,              807637 ,                        238 
,              161881 ,                        360 
,              812356 ,                          7 
,              459811 ,                        104 
,              993251 ,                         27 
,               31856 ,                       5783 
,              715557 ,                        124 
,              395912 ,                       3183 
,              958100 ,                        167 
,               15176 ,                       3347 
,              656922 ,                       4942 
,              992505 ,                       1526 
,              365916 ,                       9337 
,              497510 ,                       8043 
,              462261 ,                       2715 
,                2017 ,                       1126 
,               10823 ,                      33181 
,               17149 ,                       2842 
,              628629 ,                         15 
,              818896 ,                         92 
,              766352 ,                         43 
,               25859 ,                     149388 
,              901189 ,                        138 
,              313606 ,                        797 
,              798078 ,                         27 
,              762851 ,                        439 
,              375534 ,                        765 
,              605431 ,                        124 
,              585081 ,                      10235 
,              582917 ,                        187 
,              155497 ,                       9061 
,              104106 ,                      57429 
,              387305 ,                        271 
,              695876 ,                         60 
,              539500 ,                       3554 
,              508244 ,                         27 
,              356080 ,                         65 
,              417739 ,                         79 
,              865158 ,                      16098 
,              355985 ,                        114 
,              929965 ,                         18 
,              251088 ,                         55 
,               31989 ,                     345977 
,              427189 ,                          3 
,              887843 ,                         93 
,              155144 ,                         18 
,               31970 ,                        901 
,              807715 ,                        832 
,              249785 ,                       2316 
,               18248 ,                        296 
,              487244 ,                         19 
,              780029 ,                         46 
,               57698 ,                      28292 
,              715015 ,                       1224 
,              472995 ,                          4 
,              352790 ,                         17 
,              371472 ,                        141 
,               32434 ,                         68 
,              291556 ,                       1927 
,              148306 ,                       1270 
,               20129 ,                        138 
,              591745 ,                       1367 
,              643307 ,                        380 
,              698528 ,                        123 
,              302719 ,                       4620 
,              189412 ,                       1544 
,              336202 ,                        605 
,               17832 ,                         97 
,              444626 ,                         18 
,              997695 ,                        325 
,              913169 ,                         34 
,              637095 ,                        435 
,              618420 ,                       8669 
,              764115 ,                        832 
,              961839 ,                         42 
,              228791 ,                      10832 
,              179602 ,                        385 
,              398879 ,                       1516 
,              291804 ,                         24 
,              752888 ,                         10 
,              906502 ,                        673 
,              513815 ,                        291 
,              403503 ,                       1089 
,              716091 ,                        679 
,              733108 ,                       3467 
,              792021 ,                        126 
,              365621 ,                       2747 
,              567546 ,                        342 
,              111271 ,                       1013 
,              558402 ,                         34 
,              242463 ,                     277244 
,              550275 ,                        604 
,              354097 ,                       1339 
,              944310 ,                       1124 
,              142825 ,                          8 
,                9849 ,                        603 
,              452020 ,                         14 
,              221377 ,                        226 
,              194521 ,                       4213 
,              246304 ,                        512 
,              877195 ,                         86 
,              443184 ,                       1695 
,              607749 ,                      34515 
,              643879 ,                         59 
,              616776 ,                       1158 
,              472819 ,                         14 
,               21136 ,                       7760 
,              158741 ,                      79414 
,              987989 ,                       8175 
,              220774 ,                         56 
,               23934 ,                       7475 
,              369417 ,                        505 
,               64699 ,                        296 
,               36142 ,                       5705 
,              615538 ,                      11547 
,              831854 ,                        195 
,              519987 ,                      17005 
,              890307 ,                        548 
,              430013 ,                        364 
,              922846 ,                       1576 
,              294677 ,                      12059 
,              862777 ,                        247 
,               16088 ,                          2 
,               24098 ,                          4 
,              426063 ,                         16 
,              789895 ,                       4378 
,              977343 ,                          5 
,              672272 ,                         37 
,              939026 ,                       1443 
,              159759 ,                        236 
,              936535 ,                       2049 
,              713063 ,                        559 
,              122275 ,                        210 
,              150996 ,                       1458 
,              845620 ,                          7 
,              574934 ,                        217 
,              216844 ,                      86204 
,              604169 ,                          5 
,              705707 ,                       2236 
,              412607 ,                       1773 
,              368984 ,                      19092 
,              479507 ,                          1 
,              463717 ,                       2182 
,              898635 ,                        568 
,              828433 ,                       4437 
,              309695 ,                        892 
,              435943 ,                        555 
,               22558 ,                          7 
,              988663 ,                        883 
,               14454 ,                          4 
,              772892 ,                       5166 
,              298654 ,                          3 
,              615673 ,                       7125 
,              689709 ,                       4976 
,              126192 ,                       2293 
,              729608 ,                        789 
,              550169 ,                        213 
,              486417 ,                       9276 
,              284751 ,                       2582 
,              901394 ,                       1059 
,              242053 ,                       5262 
,              639787 ,                        103 
,               27682 ,                      16859 
,              527379 ,                       1234 
,              621072 ,                        917 
,              237867 ,                        123 
,              621785 ,                         65 
,              873993 ,                        224 
,              390771 ,                       3397 
,              187122 ,                       3119 
,              247006 ,                        325 
,              438806 ,                          5 
,               17952 ,                      31758 
,              370385 ,                         24 
,              215111 ,                        100 
,              877724 ,                       4512 
,              629536 ,                         12 
,              802731 ,                        583 
,              915861 ,                       2567 
,               24936 ,                       1890 
,              502395 ,                         34 
,              821890 ,                         92 
,              363289 ,                        133 
,              260622 ,                         17 
,              673911 ,                        274 
,              350358 ,                       2463 
,              471932 ,                        129 
,              344065 ,                        107 
,              183648 ,                        914 
,              742123 ,                         63 
,              683316 ,                       1782 
,              214860 ,                       3345 
,              674220 ,                         89 
,              946342 ,                       2632 
,              938883 ,                         51 
,              394029 ,                       3607 
,               21861 ,                      73912 
,              969087 ,                       6952 
,              685824 ,                      22728 
,              424875 ,                        177 
,               28341 ,                        291 
,               18633 ,                      11228 
,              976919 ,                       1633 
,              230758 ,                         50 
,              595446 ,                        976 
,              932125 ,                        574 
,              744321 ,                       1469 
,              854686 ,                        111 
,              217909 ,                       8111 
,              517190 ,                        482 
,              210272 ,                       1568 
,              145931 ,                       1650 
,              717468 ,                        217 
,               12163 ,                       7432 
,              684345 ,                       3849 
,              879574 ,                       1633 
,              149446 ,                         38 
,               85498 ,                        765 
,              734035 ,                         38 
,              307208 ,                       1514 
,              863654 ,                         73 
,              504655 ,                        731 
,              691134 ,                         73 
,              470310 ,                         19 
,              257324 ,                       1032 
,              234465 ,                        100 
,              800253 ,                        535 
,              424643 ,                          5 
,               29470 ,                      19371 
,              144007 ,                         81 
,              284098 ,                          3 
,              811750 ,                        224 
,              243881 ,                        702 
,              407835 ,                      49319 
,              762166 ,                         35 
,              210199 ,                        674 
,              972350 ,                       8556 
,              410251 ,                       1684 
,              174405 ,                         23 
,              522771 ,                       9330 
,              921101 ,                       1696 
,              102187 ,                         10 
,              314983 ,                      10426 
,              925579 ,                       1506 
,              347567 ,                       5418 
,              123626 ,                        104 
,              823152 ,                         55 
,              318688 ,                       4540 
,              154243 ,                       9571 
,              761272 ,                       1703 
,              712341 ,                        579 
,              128145 ,                          2 
,              843765 ,                         21 
,              771568 ,                       1195 
,               78943 ,                      61645 
,              192616 ,                         81 
,                   1 ,                        305 
,              880984 ,                         25 
,              730464 ,                          4 
,              393575 ,                      29068 
,              415286 ,                        301 
,              474366 ,                      13877 
,              951765 ,                        633 
,              654967 ,                       1369 
,              151331 ,                          2 
,              913247 ,                       1007 
,               23503 ,                       2765 
,               28895 ,                       9760 
,              217210 ,                          1 
,              407353 ,                        607 
,               21503 ,                      53684 
,              804982 ,                          4 
,              617540 ,                        129 
,              149673 ,                        257 
,              201223 ,                       1837 
,              170722 ,                       1519 
,              100292 ,                         40 
,              591494 ,                         32 
,              318408 ,                         83 
,              503910 ,                      35792 
,               21521 ,                      38569 
,              555941 ,                         38 
,              152461 ,                        263 
,              620655 ,                       6707 
,              727034 ,                        146 
,              711183 ,                       7039 
,               74785 ,                      14026 
,              163212 ,                       1373 
,              669397 ,                      11746 
,              238400 ,                       4462 
,              749050 ,                         88 
,               14278 ,                      16156 
,               32195 ,                     258670 
,              800166 ,                       1524 
,              677421 ,                       1716 
,              907446 ,                        228 
,              994630 ,                        123 
,               14276 ,                      70387 
,              528035 ,                        897 
,              622411 ,                         15 
,              413744 ,                       2876 
,              798565 ,                       4719 
,               20569 ,                      14809 
,              493207 ,                          7 
,              256986 ,                       1011 
,              772740 ,                       3107 
,              731924 ,                      11363 
,              837487 ,                       1067 
,              653639 ,                        938 
,              834820 ,                       2668 
,              954136 ,                        679 
,              341177 ,                          2 
,               17238 ,                        316 
,              734986 ,                       6601 
,              990150 ,                         48 
,              391517 ,                       3659 
,              924214 ,                         20 
,              177731 ,                       1906 
,              107541 ,                        138 
,              182695 ,                        875 
,              502051 ,                     139899 
,              634609 ,                      10510 
,               25203 ,                      50347 
,              819944 ,                      20354 
,              500445 ,                        288 
,              404213 ,                        354 
,               24987 ,                       1368 
,              672615 ,                       1035 
,              803297 ,                        196 
,              271862 ,                        131 
,              460542 ,                        510 
,              668273 ,                          5 
,              467822 ,                        451 
,               40001 ,                       1099 
,              457970 ,                        100 
,              537116 ,                       5801 
,              924531 ,                          1 
,              436621 ,                        379 
,              100002 ,                        151 
,              788103 ,                       1465 
,              350489 ,                          2 
,               29412 ,                       6586 
,              123479 ,                        646 
,              298341 ,                          5 
,              153566 ,                          4 
,               22975 ,                      27714 
,              965762 ,                        498 
,              230894 ,                        114 
,              709268 ,                        943 
,              725142 ,                       1904 
,              911099 ,                        630 
,              230519 ,                         42 
,              472673 ,                       8308 
,              829056 ,                        219 
,              927070 ,                       1680 
,              745524 ,                       4504 
,              471025 ,                       5028 
,              921553 ,                       9253 
,              890420 ,                          2 
,               57922 ,                      26052 
,              497367 ,                        279 
,              915617 ,                         32 
,              310753 ,                         39 
,              581998 ,                       1986 
,              697120 ,                         23 
,              952945 ,                       2130 
,              601964 ,                          6 
,               12012 ,                         18 
,              814100 ,                         31 
,              402756 ,                       1095 
,              465032 ,                       4432 
,              391458 ,                        524 
,              331240 ,                          2 
,              137148 ,                        554 
,              379711 ,                       3003 
,              263049 ,                        106 
,              343802 ,                       2115 
,              942430 ,                         29 
,              307360 ,                        119 
,              871007 ,                      65240 
,              706109 ,                          1 
,               16481 ,                     125899 
,              461420 ,                        791 
,              910395 ,                          7 
,              432489 ,                       1710 
,              136176 ,                        397 
,              752200 ,                        484 
,              914580 ,                       1809 
,              435701 ,                          4 
,               27153 ,                      46579 
,              919628 ,                          1 
,               31857 ,                      32055 
,              260303 ,                       2176 
,              523044 ,                        440 
,              120468 ,                       1206 
,              713486 ,                        180 
,              529757 ,                        208 
,               69841 ,                      26329 
,              649037 ,                        380 
,              904467 ,                       1411 
,              980465 ,                       6678 
,               53801 ,                        106 
,               19301 ,                       2574 
,              157086 ,                         10 
,              935268 ,                       1792 
,              608893 ,                         53 
,               21785 ,                      11298 
,              456839 ,                       6613 
,              407419 ,                      27312 
,              458824 ,                        111 
,               30982 ,                          9 
,              482163 ,                       2222 
,              575692 ,                        161 
,              126349 ,                        105 
,              325822 ,                         52 
,              935152 ,                      18034 
,              672929 ,                          9 
,              507532 ,                        718 
,              410533 ,                          6 
,              537461 ,                         34 
,              888814 ,                       1499 
,              573465 ,                        307 
,              280336 ,                       4625 
,              492854 ,                        165 
,              893894 ,                        708 
,              891714 ,                          1 
,               24758 ,                      24333 
,              714634 ,                       2197 
,              644440 ,                         21 